ID, age
147, 90, 59, -1, 0.000000, 0.000000
176, 90, 1, 1, 0.000000, 0.000000
