ID, age
176, 100, 59, -1, 0.000000, 0.000000
