ID, age
176, 95, 59, -1, 0.000000, 0.000000
