ID, age
147, 85, 59, -1, 0.000000, 0.000000
176, 85, 1, 1, 0.000000, 0.000000
187, 85, 1, 1, 0.000000, 0.000000
219, 85, 1, 1, 0.000000, 0.000000
